# _tick,_time,train_seconds,success_rate,meta_entropy,hks_loss,step,mean_episode_return,mean_episode_step,total_loss,entropy_loss,pg_loss,baseline_loss,learner_queue_size
0,1698584774.4081168,100.2,0.0,tensor(1.0979),23.5816707611084,2560,-1.0130001306533813,28.491405487060547,-964.3809204101562,-4.119128704071045,-1060.7772216796875,74.25741577148438,32
1,1698584789.3569343,105.2,0.0,tensor(1.0979),211.38417053222656,5120,-1.0111515522003174,25.807031631469727,-386.30621337890625,-4.118758201599121,-620.0662841796875,25.29435157775879,0
