# _tick,_time,train_seconds,success_rate,step,mean_episode_return,mean_episode_step,total_loss,entropy_loss,pg_loss,baseline_loss,learner_queue_size
0,1698481367.057247,20.0,0.6511627906976745,2560,0.0010000689653679729,25.851171493530273,-310.2197265625,-4.1165666580200195,-561.1411743164062,255.0380401611328,32
1,1698481371.9062307,25.0,0.7735849056603774,5120,0.2789056897163391,25.027734756469727,663.2952270507812,-4.107499122619629,522.0531005859375,145.34957885742188,0
