# _tick,_time,train_seconds,success_rate,step,mean_episode_return,mean_episode_step,total_loss,entropy_loss,pg_loss,baseline_loss,learner_queue_size
0,1698481971.6971095,25.0,0.6888888888888889,2560,0.08317781239748001,24.638280868530273,-27.324800491333008,-4.1185622215271,-389.0843505859375,365.87811279296875,32
1,1698481978.1148837,30.0,0.6829268292682927,5120,0.06848785281181335,25.669530868530273,-326.9641418457031,-4.118431091308594,-572.6848754882812,249.83917236328125,0
