# _tick,_time,train_seconds,success_rate,step,mean_episode_return,mean_episode_step,total_loss,entropy_loss,pg_loss,baseline_loss,learner_queue_size
0,1698482226.0077229,25.0,0.6363636363636364,2560,-0.06615141779184341,28.834375381469727,-622.5,-4.1200852394104,-845.0342407226562,226.65428161621094,32
1,1698482232.0635164,30.0,0.6857142857142857,5120,0.04454291984438896,28.590625762939453,526.2884521484375,-3.8850417137145996,419.24298095703125,110.9305191040039,0
