# _tick,_time,train_seconds,success_rate,step,mean_episode_return,mean_episode_step,total_loss,entropy_loss,pg_loss,baseline_loss,learner_queue_size
0,1698481419.7801044,25.0,0.6888888888888889,2560,0.11924447119235992,24.485937118530273,-522.020263671875,-4.117184162139893,-921.1903076171875,403.2872314453125,32
1,1698481425.9475167,30.0,0.8292682926829268,5120,0.34702447056770325,25.708984375,773.7015991210938,-4.109067440032959,549.253173828125,228.55746459960938,0
