{"train_seconds": 931.8, "success_rate": 0.0, "meta_entropy": 1.3862218856811523, "hks_loss": 0.025962574407458305, "step": 104960, "mean_episode_return": -0.0026201552245765924, "mean_episode_step": 13.596094131469727, "total_loss": 4.395401954650879, "entropy_loss": -4.065912246704102, "pg_loss": 1.9868078231811523, "baseline_loss": 3.047520637512207, "learner_queue_size": 0, "_tick": 40, "_time": 1698498831.931507, "_timestamp": 1698498831.9317968, "_runtime": 950.4263007640839, "_step": 104960, "_wandb": {"runtime": 949}}